l_user_id,l_street_address,l_state,l_country,l_zip_code
1,8502 Warbler Street,NV,United States,89150
2,05046 Linden Alley,ID,United States,83722
3,17 Badeau Center,CA,United States,90405
4,87107 Saint Paul Crossing,IL,United States,60193
5,98186 Kinsman Point,ND,United States,58122
6,0 Hudson Court,VA,United States,24014
7,345 Eliot Terrace,FL,United States,34114
8,513 Cottonwood Alley,CA,United States,95155
9,37147 Oxford Pass,NE,United States,68197
10,115 Hallows Point,TX,United States,78225
11,79 Commercial Crossing,GA,United States,30092
12,13 Merchant Lane,KY,United States,40524
13,68 Summit Road,TX,United States,78769
14,61371 Veith Point,VA,United States,22234
15,46961 Kenwood Terrace,NY,United States,10090
16,2603 Ronald Regan Trail,OK,United States,74103
17,888 Farwell Point,MA,United States,02216
18,93838 Jenna Parkway,MD,United States,21211
19,52317 Merrick Pass,FL,United States,33305
20,66294 Homewood Center,TX,United States,75310
21,52652 Sloan Junction,NY,United States,10633
22,341 Union Circle,MA,United States,01610
23,6 Steensland Drive,VA,United States,24004
24,08 Butterfield Hill,IA,United States,50330
25,6236 Grover Street,MS,United States,39705
26,1005 Brentwood Terrace,SC,United States,29240
27,3285 Vidon Lane,TX,United States,77080
28,045 Shoshone Hill,CA,United States,94273
29,6331 Clyde Gallagher Trail,IL,United States,62205
30,4858 Chinook Pass,MI,United States,49048
31,0551 Colorado Road,DE,United States,19714
32,9808 David Avenue,OH,United States,45999
33,93188 Messerschmidt Street,CA,United States,90094
34,7570 Longview Avenue,DC,United States,20470
35,1565 Stang Point,MO,United States,64187
36,503 Killdeer Crossing,VA,United States,22070
37,73098 Hoepker Circle,VA,United States,24004
38,926 Forster Road,CA,United States,90805
39,43 Armistice Parkway,DC,United States,20310
40,7 Farmco Parkway,KY,United States,40215
41,70568 Dottie Alley,MN,United States,55123
42,01 Merry Road,AR,United States,72204
43,0 Daystar Place,OR,United States,97255
44,44597 Linden Plaza,NY,United States,14604
45,2546 Debs Center,AL,United States,36605
46,84 Crowley Lane,NV,United States,89160
47,95 Mitchell Road,IA,United States,50362
48,05 Carioca Avenue,NJ,United States,07188
49,765 Morningstar Street,MA,United States,02283
50,1010 Crest Line Center,GA,United States,30392
51,6397 Katie Terrace,MN,United States,55448
52,9 Namekagon Parkway,MI,United States,48912
53,445 Boyd Trail,VA,United States,24020
54,9558 Eggendart Parkway,MI,United States,49510
55,378 Manley Trail,OK,United States,73173
56,09094 Sachs Place,CA,United States,91520
57,2 Doe Crossing Trail,NE,United States,68105
58,31 Granby Parkway,CA,United States,94164
59,5062 Pond Road,AL,United States,35210
60,389 Canary Road,TX,United States,75277
61,91152 Meadow Ridge Place,TX,United States,79188
62,0 Mayfield Trail,IN,United States,47812
63,05 Express Plaza,CA,United States,94154
64,11495 Maple Center,MI,United States,48609
65,802 Artisan Court,MN,United States,55146
66,7203 Onsgard Circle,NY,United States,11220
67,8 Mallard Street,OH,United States,43220
68,9784 Cordelia Circle,RI,United States,02912
69,6 Orin Trail,NY,United States,11436
70,377 Rusk Pass,NJ,United States,07188
71,42 Drewry Plaza,CA,United States,92145
72,862 Surrey Park,NY,United States,10292
73,2426 Blaine Court,AL,United States,36195
74,10627 Macpherson Center,MA,United States,01129
75,3 Mariners Cove Street,NC,United States,28284
76,760 Harper Way,NY,United States,11241
77,6 La Follette Park,CA,United States,90510
78,4343 Homewood Street,TX,United States,75246
79,93661 Old Gate Pass,CA,United States,96154
80,4 Sundown Road,MN,United States,55108
81,26375 Kedzie Center,NY,United States,10184
82,2889 Nelson Trail,WA,United States,98498
83,18047 Vermont Trail,TX,United States,78415
84,202 Rigney Court,OH,United States,45213
85,9 Thierer Crossing,VA,United States,22217
86,4183 Carioca Hill,TX,United States,78764
87,01855 Coolidge Court,LA,United States,71213
88,7770 4th Circle,MI,United States,48232
89,2 Ramsey Alley,CA,United States,95160
90,9 Blackbird Lane,DC,United States,20016
91,77807 Anzinger Circle,CA,United States,91103
92,496 Fulton Plaza,FL,United States,33305
93,271 Springs Circle,VA,United States,22205
94,71 Vera Terrace,TX,United States,77260
95,17 Bay Hill,LA,United States,70179
96,90241 Lyons Alley,VA,United States,23220
97,5665 Cody Pass,CA,United States,95828
98,1273 Oak Valley Park,CA,United States,94207
99,037 Esch Way,NY,United States,12210
100,65 Parkside Court,FL,United States,32259
101,48425 Dahle Alley,WA,United States,98158
102,0111 Green Parkway,KS,United States,66642
103,99118 Sunfield Plaza,AZ,United States,85215
104,2146 Columbus Crossing,CA,United States,95155
105,6 Melby Road,MO,United States,65810
106,4 Morning Junction,VA,United States,24034
107,6116 Graceland Avenue,WA,United States,98464
108,84 Fordem Court,FL,United States,33777
109,9396 Harbort Point,MD,United States,20918
110,918 Dapin Crossing,TX,United States,77343
111,6446 Algoma Lane,NY,United States,14683
112,7588 Truax Terrace,VA,United States,23213
113,0 Delladonna Center,CT,United States,06120
114,8 Village Green Terrace,TX,United States,75342
115,322 Iowa Court,PA,United States,19131
116,74 Washington Parkway,IA,United States,50706
117,1956 Schiller Crossing,OH,United States,44191
118,26933 Declaration Drive,AZ,United States,85072
119,75 Ridgeway Point,RI,United States,02912
120,5989 Londonderry Center,NE,United States,68505
121,549 Menomonie Alley,CA,United States,90030
122,998 Memorial Junction,NY,United States,14220
123,236 Ilene Plaza,NJ,United States,07522
124,2275 Golf View Court,PA,United States,17622
125,9 Haas Road,UT,United States,84145
126,07241 Veith Road,AL,United States,35205
127,390 Dayton Point,NY,United States,14225
128,31 Division Road,LA,United States,71166
129,3056 Fairfield Court,MA,United States,02453
130,8 Dunning Parkway,LA,United States,70883
131,296 Moulton Hill,TX,United States,79955
132,4 Luster Hill,IN,United States,46852
133,922 Parkside Avenue,FL,United States,32808
134,86283 8th Alley,DC,United States,20337
135,5 Fulton Avenue,VA,United States,24014
136,0033 Tomscot Center,AL,United States,36670
137,65 Dawn Pass,TN,United States,38197
138,532 Del Sol Junction,NC,United States,27455
139,18 Clemons Plaza,MD,United States,20784
140,599 Magdeline Hill,NY,United States,10260
141,87 Toban Pass,CA,United States,92121
142,88 Hermina Trail,MO,United States,64149
143,405 Maryland Drive,FL,United States,33018
144,4285 Waxwing Crossing,FL,United States,33315
145,89176 Waxwing Court,AR,United States,71914
146,4172 Springs Lane,DC,United States,20580
147,543 Sullivan Alley,TX,United States,88574
148,4539 Cardinal Trail,RI,United States,02912
149,1294 Talmadge Junction,NC,United States,27605
150,301 Russell Plaza,KY,United States,40298
151,515 Huxley Street,CA,United States,93740
152,43470 Tony Court,PA,United States,18706
153,67337 Northwestern Alley,KY,United States,40586
154,49 Vahlen Junction,MN,United States,55103
155,61890 Russell Terrace,MN,United States,55585
156,0 Crowley Junction,NV,United States,89519
157,0 Glacier Hill Court,OH,United States,44105
158,53966 Hoepker Crossing,AZ,United States,85077
159,54 Independence Point,CA,United States,92165
160,88 Laurel Lane,FL,United States,33805
161,18842 Dahle Parkway,MI,United States,49444
162,03427 Randy Center,FL,United States,33129
163,909 Glacier Hill Parkway,KY,United States,40298
164,64910 Arizona Hill,FL,United States,32854
165,1211 Sherman Park,FL,United States,33906
166,87 Hovde Way,OK,United States,73135
167,473 Loomis Junction,OR,United States,97211
168,120 Superior Trail,PA,United States,15225
169,6197 Pepper Wood Road,FL,United States,32309
170,5010 Sachtjen Avenue,MI,United States,48930
171,7161 Victoria Trail,FL,United States,33915
172,667 Goodland Center,MI,United States,48604
173,4 Schlimgen Court,OH,United States,45228
174,4 Glendale Plaza,AZ,United States,85077
175,32612 Dryden Place,LA,United States,70616
176,770 Hoepker Junction,AZ,United States,85083
177,0269 Dahle Road,CA,United States,95128
178,445 Mcbride Junction,AZ,United States,85732
179,36089 Onsgard Alley,VA,United States,23464
180,9 Katie Circle,MO,United States,64193
181,86 Coolidge Crossing,WI,United States,53790
182,8398 Fordem Hill,FL,United States,33758
183,6 Calypso Lane,IA,United States,50393
184,3 Service Way,OH,United States,43204
185,9 Cascade Terrace,TX,United States,77201
186,8314 Kings Parkway,LA,United States,70815
187,1 Rusk Terrace,DC,United States,20420
188,22 Boyd Trail,GA,United States,31914
189,813 Spohn Road,LA,United States,70005
190,88 Hintze Pass,WI,United States,54915
191,95594 Walton Pass,AZ,United States,85020
192,7111 Golf Course Court,TN,United States,38308
193,3 Pepper Wood Hill,MN,United States,55114
194,46101 Tony Circle,CO,United States,80910
195,9522 Mifflin Park,MA,United States,01605
196,63302 Arapahoe Pass,TX,United States,75216
197,70783 Carey Avenue,WI,United States,53405
198,5642 Hoepker Crossing,GA,United States,30905
199,10252 High Crossing Pass,OR,United States,97201
200,5 Tennyson Parkway,IN,United States,46406
201,0989 Fuller Street,CA,United States,90094
202,86706 Debs Pass,TX,United States,88535
203,623 Mosinee Road,PA,United States,19191
204,08955 Beilfuss Junction,SC,United States,29220
205,988 Northview Alley,FL,United States,34605
206,2893 Judy Avenue,SC,United States,29203
207,1 Farmco Avenue,WA,United States,98133
208,10918 Oak Valley Way,NY,United States,10305
209,6 Lindbergh Road,FL,United States,33336
210,43 Pierstorff Plaza,CT,United States,06183
211,1 Miller Junction,OR,United States,97201
212,82 Rusk Court,KS,United States,67205
213,19840 John Wall Place,WA,United States,98148
214,7113 Jana Avenue,VA,United States,23705
215,0193 West Street,MN,United States,55166
216,42613 Moland Junction,NV,United States,89074
217,5 Clove Park,GA,United States,30356
218,95 Miller Lane,GA,United States,30336
219,0180 Milwaukee Court,NC,United States,28220
220,0057 Express Court,CA,United States,95405
221,469 Westport Trail,GA,United States,30096
222,00 Steensland Way,SD,United States,57105
223,3 Jenifer Street,MI,United States,48258
224,16 Bobwhite Crossing,SD,United States,57198
225,975 Clemons Pass,CA,United States,90847
226,7030 Esker Road,LA,United States,71115
227,655 Amoth Pass,TX,United States,77025
228,61092 Nancy Plaza,VT,United States,05609
229,21925 Nelson Drive,PA,United States,15240
230,466 Buena Vista Road,IL,United States,61614
231,5 Cardinal Terrace,CA,United States,91505
232,954 Oak Valley Place,TX,United States,88574
233,886 Northfield Park,SC,United States,29305
234,767 Burning Wood Trail,MI,United States,48258
235,4415 Burrows Way,MI,United States,48335
236,5 Prentice Junction,OH,United States,44315
237,19 Colorado Circle,CA,United States,92137
238,60 Homewood Hill,CA,United States,93778
239,92 Ridge Oak Drive,CA,United States,92165
240,31 Grasskamp Plaza,CT,United States,06105
241,52 Autumn Leaf Point,NY,United States,10249
242,471 Basil Way,IN,United States,46699
243,6126 Shelley Drive,OH,United States,44185
244,6667 Crowley Trail,VA,United States,23213
245,682 Jenifer Park,AL,United States,35225
246,6968 Holy Cross Pass,OH,United States,45419
247,9 Main Center,LA,United States,70187
248,4604 Artisan Park,IL,United States,61110
249,96075 Oak Valley Alley,GA,United States,31196
250,58 Del Sol Hill,HI,United States,96810
251,5 American Ash Terrace,TX,United States,77288
252,20949 Hooker Way,NE,United States,68524
253,9592 Mcguire Alley,WY,United States,82007
254,46 Morning Point,FL,United States,32209
255,63241 North Junction,OH,United States,45271
256,8 Doe Crossing Center,CA,United States,94147
257,6 Sherman Plaza,MD,United States,21705
258,6 Spenser Lane,NY,United States,12242
259,873 Grasskamp Junction,CT,United States,06859
260,91 Grim Junction,OH,United States,43268
261,8 Calypso Center,PA,United States,15230
262,116 Myrtle Way,AL,United States,35805
263,42092 Delladonna Way,CA,United States,92165
264,1194 East Lane,OK,United States,74103
265,8 Debs Plaza,CA,United States,91210
266,57398 Kropf Circle,MI,United States,48232
267,4178 Rigney Hill,LA,United States,70616
268,8978 Sunfield Crossing,PA,United States,18018
269,1 Thierer Junction,IL,United States,61614
270,68 Canary Lane,GA,United States,30356
271,75860 Manitowish Pass,CA,United States,94807
272,82560 3rd Crossing,TN,United States,37410
273,706 Del Mar Terrace,DC,United States,20036
274,09209 Grover Center,MS,United States,39505
275,7669 Nobel Alley,NY,United States,14619
276,016 Hayes Plaza,CA,United States,94660
277,257 Anzinger Terrace,KS,United States,66606
278,2 Starling Park,OK,United States,73197
279,8 Montana Terrace,FL,United States,33954
280,347 Utah Avenue,MO,United States,63121
281,13 Dakota Junction,TX,United States,78410
282,8979 Valley Edge Terrace,FL,United States,33283
283,8 Forster Park,TN,United States,38104
284,78262 East Junction,DC,United States,20420
285,540 Heath Road,CO,United States,81005
286,7 Ronald Regan Road,DC,United States,20456
287,6015 6th Trail,CA,United States,92648
288,694 Westerfield Crossing,CO,United States,81505
289,75 Dahle Terrace,RI,United States,02912
290,5019 Clyde Gallagher Court,TX,United States,88546
291,49 Mendota Hill,MN,United States,55448
292,884 Karstens Terrace,OK,United States,73190
293,049 Barnett Street,CA,United States,92662
294,062 Dwight Place,CA,United States,90035
295,95405 Norway Maple Trail,LA,United States,70826
296,800 Hallows Park,AL,United States,36605
297,86 Bluejay Place,AZ,United States,85246
298,44 Monica Pass,MN,United States,55557
299,64 Valley Edge Way,NC,United States,28272
300,559 Monterey Terrace,CA,United States,95833
301,722 Miller Way,FL,United States,34620
302,4 Sunbrook Crossing,NE,United States,68117
303,878 Roxbury Avenue,PA,United States,15215
304,57393 Eagan Crossing,NC,United States,28284
305,2617 Gateway Park,NY,United States,11407
306,55977 Lien Plaza,FL,United States,33633
307,268 Towne Junction,CA,United States,90398
308,5 Corben Hill,DC,United States,20392
309,63 Jana Road,CA,United States,95219
310,9 Dakota Trail,CO,United States,80217
311,45897 Scofield Way,OH,United States,43656
312,06211 Lakewood Street,MN,United States,55564
313,1413 La Follette Trail,WA,United States,98140
314,09 Pawling Center,IN,United States,46699
315,1 Melby Park,NJ,United States,08619
316,65 Forest Run Terrace,GA,United States,30301
317,10 Vera Trail,AL,United States,36119
318,94 Iowa Road,TX,United States,78764
319,378 Redwing Terrace,MO,United States,64136
320,7582 Monterey Avenue,OH,United States,43226
321,13202 Independence Avenue,AZ,United States,85067
322,783 Katie Alley,IA,United States,52809
323,4318 Leroy Drive,TX,United States,79984
324,43 Anthes Lane,FL,United States,33034
325,860 Monterey Drive,TN,United States,37131
326,506 Anniversary Hill,WI,United States,53790
327,30 Delladonna Center,FL,United States,33462
328,6987 Milwaukee Drive,MS,United States,39282
329,874 Saint Paul Road,ID,United States,83705
330,17 Green Road,FL,United States,33261
331,5 Claremont Trail,VA,United States,20189
332,1 Bluestem Circle,FL,United States,33954
333,5 Evergreen Place,DC,United States,20430
334,853 Briar Crest Circle,OH,United States,44310
335,8 Autumn Leaf Pass,CA,United States,93407
336,55569 Waxwing Plaza,CA,United States,95973
337,837 Morning Lane,WA,United States,98464
338,7093 Comanche Point,SC,United States,29403
339,4 Westridge Terrace,NY,United States,10120
340,3880 Westport Drive,FL,United States,34629
341,60290 Transport Alley,KS,United States,66629
342,4 Chive Park,MD,United States,21216
343,4 Thierer Plaza,FL,United States,33164
344,03 Chinook Lane,CA,United States,92513
345,5 Swallow Trail,TX,United States,79452
346,23 8th Road,FL,United States,32854
347,4238 Fuller Avenue,TX,United States,88569
348,69 Eagan Circle,LA,United States,70894
349,97 Sachtjen Pass,CA,United States,90065
350,93519 Oakridge Parkway,CA,United States,92825
351,719 Tennyson Crossing,FL,United States,33620
352,34 Burrows Point,AL,United States,35215
353,24748 Hovde Crossing,MI,United States,48901
354,51 Rockefeller Crossing,CA,United States,93740
355,3801 Menomonie Drive,TX,United States,77240
356,2 Sunfield Street,MS,United States,39216
357,69 Onsgard Center,TX,United States,79171
358,1 Dapin Terrace,KS,United States,66160
359,4 Fordem Court,IA,United States,52804
360,74697 David Park,OH,United States,45426
361,15857 Pleasure Junction,CA,United States,93907
362,42 New Castle Hill,TX,United States,77090
363,0527 Saint Paul Street,NJ,United States,07505
364,21 Center Lane,CA,United States,90805
365,264 Stone Corner Plaza,WA,United States,98506
366,90 Independence Alley,MO,United States,64179
367,2719 Saint Paul Way,CO,United States,80905
368,402 School Terrace,TX,United States,77288
369,64 Sunnyside Plaza,DC,United States,20205
370,46977 Dexter Alley,DE,United States,19886
371,2149 Division Parkway,VA,United States,23464
372,9378 Muir Hill,FL,United States,33147
373,3067 Hanover Drive,AR,United States,71914
374,53 Bashford Trail,NM,United States,87140
375,7458 3rd Street,NY,United States,14646
376,92 Lakeland Drive,TN,United States,37245
377,5796 Jana Pass,TX,United States,77234
378,6418 Corben Court,OH,United States,45249
379,842 Judy Plaza,FL,United States,32610
380,785 Golf Drive,GA,United States,30336
381,6929 Bashford Park,FL,United States,33811
382,875 Heath Place,TX,United States,77075
383,38333 Lukken Crossing,CA,United States,93381
384,590 Cottonwood Street,CA,United States,94807
385,5 Meadow Valley Drive,NY,United States,10110
386,25 Forster Trail,NV,United States,89105
387,6984 Mitchell Hill,FL,United States,32819
388,2 Mesta Road,CA,United States,90005
389,32573 David Street,MD,United States,20883
390,0 Declaration Center,VA,United States,24020
391,13224 Vahlen Pass,IA,United States,50347
392,04262 Union Avenue,FL,United States,33705
393,66815 Orin Junction,WV,United States,25726
394,92068 Duke Crossing,FL,United States,34642
395,229 Banding Trail,MI,United States,48098
396,533 Village Green Court,CA,United States,90101
397,16924 7th Lane,WI,United States,53790
398,290 Spenser Terrace,FL,United States,33432
399,31333 Graedel Trail,KS,United States,67260
400,0616 Carioca Crossing,FL,United States,32209
401,70 Crownhardt Terrace,KY,United States,40581
402,4560 Namekagon Drive,NY,United States,10165
403,8022 Springs Drive,TX,United States,75185
404,1 Elka Alley,TX,United States,79699
405,5 Holy Cross Road,TN,United States,38308
406,595 Vera Avenue,CA,United States,90101
407,09 Crownhardt Lane,CA,United States,93762
408,39 Barnett Alley,KS,United States,66606
409,22624 Summerview Court,IN,United States,46231
410,00 Moose Hill,TX,United States,75379
411,555 Pawling Avenue,OK,United States,73190
412,8439 Waxwing Road,OH,United States,45426
413,9 Lerdahl Terrace,ID,United States,83711
414,4 Buhler Lane,FL,United States,33325
415,4802 Tomscot Parkway,NY,United States,10557
416,96211 Russell Road,CA,United States,91913
417,768 Cottonwood Terrace,TX,United States,77201
418,401 Dwight Lane,KY,United States,41905
419,7262 Monica Park,OR,United States,97306
420,388 Linden Hill,MO,United States,63196
421,18857 Bashford Pass,AZ,United States,85297
422,0 Crest Line Street,PA,United States,19125
423,96 Crowley Parkway,OH,United States,45228
424,833 Oriole Park,MN,United States,55407
425,65716 Bowman Place,WV,United States,25389
426,8084 Utah Place,NY,United States,11054
427,3 Cambridge Point,TN,United States,37605
428,3355 Oak Valley Park,IA,United States,51110
429,6445 Commercial Point,FL,United States,33330
430,1 Ilene Pass,CA,United States,93591
431,8457 Manley Circle,SD,United States,57105
432,3741 Ludington Pass,UT,United States,84115
433,89995 Russell Alley,WA,United States,99220
434,5402 Bay Crossing,DC,United States,20051
435,29 Merchant Park,CA,United States,93386
436,307 Gerald Parkway,AR,United States,72209
437,267 Northridge Terrace,SC,United States,29905
438,18 American Ash Hill,NY,United States,10184
439,35 Colorado Trail,NE,United States,68117
440,025 Dahle Road,OH,United States,45408
441,089 Sage Hill,TX,United States,78759
442,61 Amoth Terrace,MS,United States,39210
443,7543 Farmco Crossing,OH,United States,45454
444,5 Warbler Center,AL,United States,35242
445,34 Mayfield Plaza,VA,United States,23289
446,7 Banding Road,CO,United States,80204
447,68 Melby Place,PA,United States,19605
448,21066 Independence Road,HI,United States,96845
449,655 Straubel Junction,OH,United States,45271
450,1 Independence Street,PA,United States,15225
451,294 Cody Terrace,AL,United States,36134
452,202 International Point,NY,United States,14225
453,73190 Duke Court,WA,United States,98506
454,29728 Westerfield Road,IA,United States,50362
455,34 Shoshone Way,UT,United States,84135
456,03 Morrow Hill,VA,United States,22096
457,408 Truax Parkway,CO,United States,80005
458,04641 Thierer Place,GA,United States,31106
459,4 Sullivan Circle,MA,United States,01610
460,036 David Drive,CA,United States,90094
461,2 Westerfield Pass,CA,United States,95397
462,769 Bay Street,TX,United States,77240
463,4 Forest Avenue,TX,United States,77228
464,269 David Junction,NY,United States,14215
465,5621 Rusk Pass,IL,United States,60208
466,2473 Corben Place,AL,United States,35210
467,77 Buell Lane,FL,United States,32405
468,99014 Logan Way,AZ,United States,85062
469,108 Hoepker Terrace,TX,United States,75221
470,05 Express Trail,CA,United States,92132
471,86 Harbort Hill,NE,United States,68110
472,1411 Buena Vista Center,DC,United States,20210
473,518 Old Shore Crossing,MO,United States,63167
474,8 Clyde Gallagher Center,IL,United States,61709
475,29 Arkansas Pass,MI,United States,49444
476,6128 Glendale Court,AZ,United States,85205
477,48 Union Point,FL,United States,33355
478,27501 Petterle Parkway,TX,United States,75231
479,3 Atwood Plaza,FL,United States,32859
480,199 5th Road,NV,United States,89155
481,7871 Ronald Regan Drive,OH,United States,45440
482,31505 Arizona Terrace,GA,United States,31165
483,99 Heffernan Place,OK,United States,74149
484,631 Heath Road,TN,United States,37931
485,1689 Carpenter Plaza,IN,United States,46406
486,1 Kinsman Junction,MO,United States,64187
487,73 Comanche Drive,FL,United States,33605
488,869 Hayes Center,VA,United States,24020
489,0174 Arapahoe Alley,AL,United States,35254
490,82947 Kensington Circle,PA,United States,19104
491,07 Carpenter Way,TX,United States,78710
492,90 Linden Hill,CA,United States,93381
493,1972 Clemons Plaza,DC,United States,20220
494,8 Westend Point,NV,United States,89193
495,2916 Killdeer Lane,TX,United States,76129
496,1 Stang Parkway,TX,United States,78044
497,853 Hanover Hill,TX,United States,77844
498,5026 Sunnyside Terrace,NE,United States,68517
499,04 Towne Avenue,CA,United States,92640
500,4 Larry Avenue,NY,United States,11431
501,7 Division Center,VA,United States,24004
502,82 Fremont Plaza,FL,United States,32225
503,95341 Dapin Court,WA,United States,98417
504,5739 Petterle Plaza,UT,United States,84135
505,0 Johnson Way,PA,United States,19104
506,58891 Hudson Lane,CA,United States,90847
507,94 Anthes Parkway,LA,United States,70129
508,52 Grasskamp Crossing,NY,United States,10039
509,4240 Straubel Avenue,CA,United States,92176
510,73181 High Crossing Court,MO,United States,63136
511,01973 Moland Trail,NM,United States,87110
512,7403 Springs Avenue,TX,United States,78296
513,03436 Blaine Alley,UT,United States,84605
514,805 High Crossing Place,DE,United States,19805
515,2 Park Meadow Drive,NJ,United States,07195
516,274 Hagan Center,CA,United States,94807
517,4157 Superior Pass,PA,United States,17110
518,11516 Nova Junction,NC,United States,28278
519,2 Pleasure Center,MO,United States,64504
520,1112 Eagle Crest Crossing,WA,United States,98185
521,9970 Waubesa Avenue,IN,United States,46239
522,887 Sunbrook Street,MO,United States,64193
523,16 Troy Pass,CA,United States,95194
524,11317 Mesta Street,NY,United States,14233
525,7440 Myrtle Hill,FL,United States,32825
526,7 Mallory Junction,MI,United States,48901
527,40028 Memorial Point,TX,United States,79452
528,8976 Larry Pass,IL,United States,62525
529,67062 Calypso Crossing,NY,United States,10305
530,2 Quincy Alley,MI,United States,48211
531,57352 Porter Point,VA,United States,24515
532,3922 West Trail,NM,United States,87121
533,547 Annamark Court,NH,United States,00214
534,22 Stang Road,NY,United States,10045
535,19798 Calypso Street,DC,United States,20319
536,0624 Charing Cross Way,OR,United States,97312
537,3591 Washington Parkway,CA,United States,95150
538,5606 Dwight Junction,FL,United States,32405
539,0 Browning Avenue,TX,United States,78715
540,3 Killdeer Trail,IN,United States,47812
541,6116 Crownhardt Circle,CO,United States,80945
542,421 Fairfield Terrace,CA,United States,92825
543,343 Sheridan Place,KY,United States,40576
544,410 Prentice Parkway,CA,United States,95138
545,1 Loftsgordon Hill,KS,United States,66642
546,9399 Del Mar Plaza,DC,United States,20016
547,382 Trailsway Lane,WA,United States,98516
548,32 Loftsgordon Parkway,LA,United States,71213
549,2401 Ryan Trail,MA,United States,01105
550,12 Upham Street,OK,United States,74156
551,3 Debra Plaza,AL,United States,36605
552,97 Ronald Regan Circle,TX,United States,79977
553,35 Norway Maple Crossing,TX,United States,77206
554,85581 Veith Lane,CA,United States,94126
555,1 Pond Parkway,CA,United States,91499
556,570 Kinsman Road,TX,United States,76310
557,0158 Jenifer Drive,CT,United States,06152
558,1419 Maple Pass,NY,United States,10034
559,3 Northview Way,CA,United States,94705
560,60830 6th Junction,PA,United States,19605
561,04709 West Terrace,RI,United States,02912
562,05819 Gulseth Park,DC,United States,20470
563,96 Cambridge Alley,GA,United States,31132
564,6 Thackeray Alley,NY,United States,10310
565,6 Alpine Trail,FL,United States,33982
566,2 Northland Trail,FL,United States,33283
567,1 Glendale Point,IA,United States,52405
568,47 Sutteridge Terrace,TX,United States,75372
569,9465 Fieldstone Lane,PA,United States,17622
570,258 Donald Place,DC,United States,20088
571,676 Sloan Park,TX,United States,77844
572,050 David Junction,IA,United States,52804
573,5 Division Court,TX,United States,88558
574,99283 Ridge Oak Lane,ID,United States,83705
575,27 Oakridge Crossing,IL,United States,62718
576,09 Superior Lane,OH,United States,45490
577,64527 Golden Leaf Lane,WA,United States,98121
578,2 Walton Parkway,CT,United States,06127
579,9604 Homewood Pass,GA,United States,31196
580,9 Armistice Lane,TX,United States,79165
581,179 Troy Hill,AZ,United States,85255
582,93 Elmside Parkway,FL,United States,34210
583,53 Texas Parkway,CO,United States,80945
584,37 Buell Park,DE,United States,19810
585,2 Weeping Birch Avenue,WI,United States,54305
586,0519 Banding Court,WI,United States,53710
587,09 Melby Hill,MN,United States,55114
588,657 Green Ridge Parkway,FL,United States,32092
589,1 Springview Pass,OH,United States,45454
590,7023 Melrose Point,MO,United States,63180
591,375 Carioca Road,TX,United States,75049
592,2 Thackeray Place,TX,United States,75236
593,955 Nevada Lane,CA,United States,94089
594,024 Nova Avenue,NM,United States,87201
595,47829 Lotheville Alley,CA,United States,92612
596,34382 Oneill Junction,CA,United States,94297
597,02920 Londonderry Trail,DC,United States,20226
598,647 Anhalt Center,CA,United States,91103
599,31013 Glacier Hill Plaza,UT,United States,84115
600,34 Longview Place,DC,United States,20238
601,54 Heffernan Drive,LA,United States,70810
602,8890 Lakewood Center,GA,United States,31196
603,05135 Schurz Circle,CA,United States,95210
604,6984 Grover Terrace,SC,United States,29625
605,27 Heath Avenue,IA,United States,50305
606,9 Glacier Hill Street,GA,United States,31210
607,8660 Browning Pass,NC,United States,27425
608,58 Crest Line Hill,TN,United States,37240
609,92154 Macpherson Junction,IL,United States,62764
610,93 Oak Alley,NY,United States,10165
611,08063 Barby Plaza,TX,United States,88535
612,495 Weeping Birch Park,TX,United States,77070
613,53 Golf View Terrace,TX,United States,79984
614,5 Mallory Plaza,CO,United States,80255
615,045 Red Cloud Crossing,TX,United States,75049
616,94744 Vernon Alley,PA,United States,15220
617,13 Maple Road,WA,United States,98687
618,9805 Dunning Center,TX,United States,79769
619,8512 Village Avenue,AL,United States,35225
620,08712 Bashford Avenue,SD,United States,57188
621,5487 Marquette Court,IN,United States,46295
622,179 Dexter Way,WV,United States,25775
623,99752 Oak Way,NM,United States,87121
624,3857 Bartillon Point,MN,United States,55114
625,491 Cottonwood Drive,TX,United States,77206
626,7 Moulton Way,CA,United States,94273
627,357 Green Circle,MD,United States,20918
628,0 Park Meadow Circle,AL,United States,36670
629,4826 Knutson Center,OH,United States,44118
630,29 Jenna Pass,PA,United States,15220
631,8085 Crownhardt Terrace,CA,United States,92196
632,522 Talisman Terrace,IL,United States,60636
633,35 Dawn Drive,AL,United States,35815
634,77117 Florence Alley,IN,United States,47747
635,310 Texas Way,GA,United States,30195
636,00592 Buena Vista Trail,FL,United States,32230
637,5 Blaine Circle,FL,United States,32236
638,1112 Basil Drive,OH,United States,43231
639,78 Chive Junction,MI,United States,49048
640,0167 Ridge Oak Junction,TX,United States,75226
641,192 Acker Court,DC,United States,20046
642,67457 Kensington Junction,NH,United States,03105
643,9108 Northland Junction,CA,United States,94616
644,637 Hazelcrest Parkway,OH,United States,43220
645,79 Dixon Alley,AZ,United States,85030
646,5 Eagle Crest Drive,IA,United States,50706
647,588 Prairie Rose Terrace,IL,United States,60193
648,6007 Lakeland Drive,CA,United States,95210
649,33705 Debs Alley,IN,United States,46857
650,693 Rieder Junction,TX,United States,78737
651,269 Almo Court,VA,United States,23272
652,4518 Crownhardt Park,IL,United States,61656
653,7 Darwin Hill,GA,United States,30380
654,3 Mitchell Park,MI,United States,48107
655,0882 Upham Terrace,WV,United States,25726
656,5 American Ash Circle,NY,United States,12305
657,47 Stoughton Center,DC,United States,20508
658,88 Utah Plaza,OK,United States,74103
659,5 Hovde Parkway,CA,United States,94207
660,00415 Carberry Parkway,NC,United States,27605
661,70 Independence Crossing,MN,United States,55551
662,26 Jana Plaza,PA,United States,19196
663,52541 Glendale Avenue,TX,United States,88579
664,1514 4th Place,NV,United States,89135
665,079 Corben Alley,NY,United States,11247
666,3447 Prairieview Road,NV,United States,89166
667,21146 Northwestern Parkway,TX,United States,75049
668,2733 Glacier Hill Drive,OH,United States,43615
669,799 Tomscot Lane,IL,United States,60193
670,156 Norway Maple Alley,PA,United States,19146
671,585 1st Hill,MS,United States,39705
672,19130 Dennis Court,PA,United States,15210
673,87591 Lillian Street,CA,United States,93762
674,6 Norway Maple Lane,NY,United States,10165
675,0790 Claremont Drive,AZ,United States,85705
676,62 Lake View Street,GA,United States,31119
677,89 Kensington Drive,NJ,United States,07305
678,088 Talmadge Terrace,FL,United States,33023
679,1612 Stone Corner Terrace,AK,United States,99512
680,8 Northport Terrace,TX,United States,77844
681,83491 Shasta Place,OH,United States,44125
682,64015 Sloan Alley,CA,United States,95123
683,448 Mcbride Point,NY,United States,10474
684,298 Almo Place,TN,United States,37240
685,66 Crownhardt Place,GA,United States,31998
686,19 Lukken Street,FL,United States,33018
687,03843 Hollow Ridge Drive,PA,United States,17140
688,474 Evergreen Terrace,TX,United States,75074
689,99016 Merchant Street,IL,United States,60567
690,8562 Kennedy Drive,OH,United States,45264
691,850 Mesta Park,CA,United States,92844
692,60 Spohn Point,AL,United States,35815
693,9 Eastlawn Circle,NH,United States,03804
694,5 Burrows Terrace,TX,United States,77065
695,24 Quincy Circle,DC,United States,20425
696,139 Northport Junction,TX,United States,75507
697,0299 Chinook Street,DC,United States,20062
698,0 Forster Way,TX,United States,76134
699,53447 Anhalt Center,TX,United States,78783
700,4148 Sachs Drive,NC,United States,27605
701,82 Iowa Court,NJ,United States,08695
702,3482 Bashford Court,MO,United States,64187
703,6130 Knutson Road,AR,United States,72215
704,77944 Cascade Crossing,MI,United States,48217
705,22188 Grayhawk Drive,MO,United States,65898
706,45 Golden Leaf Lane,WI,United States,53779
707,33824 Lotheville Court,NY,United States,10249
708,7699 Scofield Avenue,FL,United States,32511
709,502 Heffernan Court,FL,United States,33961
710,652 Autumn Leaf Road,CA,United States,90831
711,094 Porter Terrace,CO,United States,80305
712,5091 Coleman Terrace,MS,United States,39534
713,97796 Bunker Hill Junction,CA,United States,92640
714,3 Parkside Terrace,PA,United States,19058
715,62 Mosinee Alley,PA,United States,16510
716,8432 Holmberg Park,WI,United States,53215
717,9113 Dawn Pass,CA,United States,94110
718,93082 Carpenter Place,FL,United States,33763
719,92174 High Crossing Road,MI,United States,48258
720,425 Logan Junction,OH,United States,44720
721,3 Dottie Place,AL,United States,35242
722,43850 Mockingbird Alley,TX,United States,77288
723,0895 Fuller Avenue,NM,United States,87121
724,18026 Harbort Trail,SC,United States,29416
725,6 Green Ridge Lane,KY,United States,40256
726,0002 6th Place,GA,United States,30605
727,1723 Magdeline Circle,CA,United States,91406
728,90549 Farmco Trail,DC,United States,20205
729,828 Beilfuss Court,NC,United States,27710
730,4226 Hintze Junction,OH,United States,43220
731,2313 Ludington Hill,MA,United States,01105
732,54 Bowman Way,TX,United States,78278
733,1174 Rockefeller Pass,NE,United States,68524
734,372 Hansons Terrace,ME,United States,04109
735,572 High Crossing Point,OH,United States,45208
736,491 Fisk Junction,PA,United States,18706
737,4 Annamark Plaza,VA,United States,23213
738,42 Magdeline Plaza,AK,United States,99812
739,622 Lake View Road,FL,United States,33185
740,468 Pond Parkway,TN,United States,38126
741,902 Pierstorff Crossing,DC,United States,20397
742,5343 Iowa Terrace,MA,United States,02104
743,33244 Meadow Valley Alley,TX,United States,77060
744,753 Prairieview Alley,ID,United States,83705
745,93009 Carey Point,VA,United States,22333
746,00700 Village Green Lane,CA,United States,94622
747,169 Transport Place,DE,United States,19810
748,75 Hintze Circle,NC,United States,27635
749,3680 Garrison Pass,NE,United States,68134
750,8 Harbort Parkway,FL,United States,34605
751,65880 Amoth Pass,CA,United States,92115
752,4 Gateway Avenue,OH,United States,43231
753,46 Riverside Plaza,FL,United States,32575
754,76559 Pearson Road,WV,United States,25775
755,50 Doe Crossing Crossing,MI,United States,48335
756,0 Bunting Street,NY,United States,11254
757,8021 Barnett Point,NH,United States,03105
758,53612 Prairie Rose Way,CT,United States,06912
759,76632 Columbus Way,TX,United States,78749
760,861 Debra Trail,CA,United States,90045
761,216 Tomscot Junction,NC,United States,27626
762,13258 Schmedeman Road,PA,United States,19125
763,97594 Crest Line Circle,NJ,United States,08695
764,007 Valley Edge Center,MT,United States,59112
765,8969 Maryland Park,KS,United States,67210
766,0401 Grasskamp Terrace,IN,United States,46634
767,6 Debs Hill,UT,United States,84105
768,886 Pleasure Circle,CA,United States,90065
769,80336 Talisman Hill,TN,United States,37924
770,45 Spaight Plaza,PA,United States,18018
771,368 Northport Center,CO,United States,80249
772,8 Shelley Crossing,TX,United States,75049
773,9 Armistice Drive,OH,United States,43210
774,49855 Laurel Plaza,VA,United States,22301
775,98 Oakridge Alley,OH,United States,44305
776,58 Northland Terrace,FL,United States,33625
777,41578 Forest Run Way,TX,United States,79940
778,048 Ruskin Place,FL,United States,32526
779,057 Havey Lane,MN,United States,55402
780,385 Forest Dale Alley,IL,United States,60624
781,68 Mcbride Park,TN,United States,37410
782,89040 Northview Park,FL,United States,34238
783,2 Thackeray Lane,FL,United States,33233
784,0 Reindahl Alley,FL,United States,32405
785,6011 Transport Park,CA,United States,91109
786,190 Kinsman Hill,AL,United States,35236
787,3926 Oxford Court,HI,United States,96810
788,9 Rieder Lane,CO,United States,80209
789,0 Lien Terrace,TN,United States,38197
790,059 Armistice Center,CO,United States,80217
791,906 Arkansas Lane,WA,United States,98498
792,49 Trailsway Hill,MI,United States,49518
793,59 Spohn Way,OH,United States,44329
794,47484 Sullivan Point,TX,United States,78265
795,7 Eliot Road,TX,United States,77240
796,83492 Karstens Junction,CA,United States,94302
797,7 Shelley Avenue,MI,United States,48217
798,23 Talmadge Lane,IN,United States,46254
799,1 Eagle Crest Pass,CA,United States,94042
800,76 Eagan Terrace,IN,United States,46231
801,3 Crownhardt Lane,NY,United States,10249
802,08923 Cottonwood Road,NY,United States,12222
803,559 Clove Place,TX,United States,77240
804,402 Fisk Terrace,FL,United States,33915
805,5716 Clove Pass,FL,United States,33245
806,4328 Hoard Point,VA,United States,23471
807,6 Village Parkway,PA,United States,15279
808,6 Brickson Park Parkway,UT,United States,84130
809,807 Cambridge Pass,NY,United States,10184
810,44326 Eagan Drive,PA,United States,15261
811,836 Autumn Leaf Street,KS,United States,66286
812,33005 Lukken Circle,NY,United States,10024
813,87 Onsgard Street,TX,United States,75037
814,5 Sundown Road,FL,United States,33175
815,09919 Mendota Junction,IL,United States,60351
816,79164 Oakridge Pass,MI,United States,49018
817,58 Prairie Rose Court,FL,United States,32627
818,7 Gulseth Hill,NY,United States,14905
819,1830 Springs Pass,CA,United States,90831
820,16 Anderson Junction,NY,United States,14624
821,3387 Aberg Street,VA,United States,23289
822,25845 Delladonna Parkway,TX,United States,77305
823,24 Fisk Plaza,LA,United States,71130
824,586 Holmberg Center,TX,United States,79911
825,0 Moulton Place,FL,United States,32964
826,58120 Calypso Crossing,FL,United States,32399
827,92 Glendale Hill,NC,United States,27605
828,314 Melody Trail,TX,United States,88541
829,3588 Northview Court,CA,United States,90101
830,8 Stang Way,CA,United States,92862
831,92900 Main Center,VA,United States,23504
832,0536 Carpenter Circle,IA,United States,52410
833,6 Garrison Park,MN,United States,55114
834,73747 Mayfield Drive,DC,United States,20425
835,7 Hallows Street,NV,United States,89120
836,89242 Springs Alley,AL,United States,35295
837,81331 Utah Road,FL,United States,32511
838,954 Mallory Point,TX,United States,76016
839,151 Fisk Center,HI,United States,96835
840,24 Hayes Trail,CA,United States,95108
841,30 Manitowish Point,MI,United States,48098
842,9 Scofield Way,TX,United States,79945
843,1353 Forest Run Center,DC,United States,20078
844,7 Lawn Terrace,GA,United States,31210
845,0694 Moulton Place,AK,United States,99517
846,5 Browning Street,IA,United States,52245
847,4 Twin Pines Junction,IN,United States,46247
848,00673 Orin Place,IA,United States,50981
849,308 Oak Circle,CA,United States,95138
850,744 Center Circle,TX,United States,78044
851,60 Clyde Gallagher Point,MO,United States,64136
852,183 Eliot Park,VA,United States,22119
853,2 Arkansas Junction,DE,United States,19805
854,2657 Dunning Street,UT,United States,84105
855,7593 Debra Avenue,IN,United States,46852
856,9 Sherman Street,TX,United States,75205
857,1 Crowley Pass,CA,United States,92121
858,252 Nancy Place,CA,United States,91616
859,7883 Welch Lane,TX,United States,88584
860,3752 Oriole Terrace,FL,United States,32314
861,71275 Scott Center,VA,United States,22205
862,36 Superior Pass,CA,United States,91406
863,59 Macpherson Lane,NY,United States,10060
864,267 Del Sol Circle,NY,United States,13205
865,78997 Vermont Center,AR,United States,72204
866,00 Lukken Street,MD,United States,20784
867,8613 Bultman Park,CT,United States,06673
868,7680 School Park,CA,United States,94164
869,5424 Transport Way,DC,United States,20029
870,27871 Chinook Point,NC,United States,28205
871,2656 Upham Hill,FL,United States,33731
872,93525 Melody Street,TX,United States,75710
873,304 Kinsman Circle,MO,United States,63180
874,108 Goodland Lane,NC,United States,28314
875,56 Fieldstone Avenue,WA,United States,98411
876,07750 Marquette Court,TX,United States,79968
877,221 Gerald Drive,MN,United States,55441
878,6 Dorton Place,MN,United States,55417
879,330 Maryland Way,TX,United States,75387
880,0 Stone Corner Alley,TN,United States,38143
881,43085 Karstens Plaza,PA,United States,19178
882,6886 Memorial Park,TX,United States,77060
883,920 Jackson Place,CA,United States,94611
884,785 Marcy Parkway,TN,United States,38150
885,87 Glendale Lane,TX,United States,79116
886,9212 Anniversary Pass,MN,United States,55423
887,761 Starling Crossing,FL,United States,33963
888,9 Lillian Street,OR,United States,97229
889,25 Algoma Junction,TX,United States,75062
890,043 Twin Pines Terrace,NY,United States,10155
891,813 Ridgeview Alley,CT,United States,06160
892,82 Glacier Hill Parkway,VA,United States,22313
893,33 Sunbrook Pass,IN,United States,47937
894,4804 International Point,TX,United States,76544
895,5785 Drewry Court,IA,United States,50393
896,55 Declaration Center,IL,United States,61105
897,4481 Weeping Birch Parkway,HI,United States,96835
898,312 Maple Wood Junction,LA,United States,71307
899,6856 Cordelia Point,NY,United States,10019
900,0026 Holmberg Plaza,TX,United States,78225
901,81 Hermina Center,VA,United States,23514
902,76451 Elka Parkway,MN,United States,55123
903,3 Lighthouse Bay Parkway,TX,United States,78225
904,0 Vermont Drive,FL,United States,32092
905,970 Blackbird Road,AL,United States,35815
906,05 Nova Circle,TX,United States,79171
907,2902 Welch Hill,NV,United States,89087
908,67359 Logan Way,CA,United States,95813
909,15 Granby Trail,NV,United States,89706
910,9602 Gina Crossing,NC,United States,28215
911,567 Steensland Center,FL,United States,33758
912,84 Lighthouse Bay Lane,MN,United States,55428
913,7 Mayer Point,WI,United States,53710
914,44261 Alpine Drive,KY,United States,40220
915,545 Pond Street,TX,United States,76711
916,7 Surrey Drive,CT,United States,06160
917,4 Arizona Court,PA,United States,16534
918,3 Saint Paul Point,CA,United States,93709
919,0769 Katie Point,LA,United States,71166
920,79 Vernon Center,KY,United States,40280
921,0208 Mcguire Circle,FL,United States,32803
922,2219 Marquette Drive,TX,United States,78769
923,7 Corscot Road,PA,United States,19172
924,48 Merrick Terrace,PA,United States,15230
925,76 Parkside Parkway,OH,United States,45218
926,04578 Oxford Way,LA,United States,71208
927,6 Doe Crossing Point,GA,United States,30306
928,6 Knutson Point,CA,United States,91205
929,51991 Troy Drive,NY,United States,10165
930,5896 Riverside Crossing,FL,United States,33913
931,98192 Reinke Junction,CA,United States,90035
932,2444 East Parkway,MI,United States,48670
933,2929 Scoville Parkway,MA,United States,02114
934,40282 Everett Circle,NE,United States,68105
935,85 Gateway Pass,DE,United States,19892
936,3125 Browning Drive,CO,United States,80217
937,6783 Veith Junction,NC,United States,28284
938,6505 Merchant Junction,NY,United States,10019
939,07180 Jackson Street,PA,United States,17121
940,3521 Menomonie Alley,PA,United States,15261
941,06 Towne Terrace,CA,United States,94159
942,82 Di Loreto Avenue,GA,United States,30045
943,530 Becker Circle,OH,United States,43268
944,3 Kingsford Crossing,FL,United States,32526
945,6 Schlimgen Avenue,MN,United States,55166
946,1096 Jana Pass,FL,United States,33261
947,79731 Oxford Junction,CA,United States,94302
948,57049 Schmedeman Court,OH,United States,45228
949,8489 Clove Court,CA,United States,94622
950,9278 Loeprich Place,NV,United States,89145
951,92 Loftsgordon Center,TX,United States,88574
952,35 Orin Circle,VA,United States,22908
953,6773 Colorado Road,VA,United States,24024
954,4328 Armistice Street,KS,United States,66611
955,963 Green Junction,MO,United States,64199
956,5 Di Loreto Way,CT,United States,06510
957,8 Dottie Way,WI,United States,53210
958,599 Manufacturers Way,TX,United States,75358
959,3226 Northfield Drive,TX,United States,77346
960,4394 Leroy Avenue,CA,United States,95219
961,03 Farwell Lane,CO,United States,81015
962,033 Hooker Park,VA,United States,20167
963,9919 Linden Plaza,NY,United States,14233
964,12897 Swallow Park,WA,United States,98405
965,1005 Eliot Alley,NY,United States,10024
966,639 Del Sol Junction,MA,United States,01905
967,20889 Washington Plaza,TX,United States,78415
968,05241 Kedzie Terrace,AK,United States,99790
969,8 Harbort Parkway,FL,United States,34102
970,1 Welch Road,NM,United States,87105
971,17855 Melrose Court,TX,United States,77713
972,0 Elgar Street,MI,United States,48211
973,1034 Delladonna Center,CT,United States,06510
974,11 Macpherson Lane,LA,United States,70124
975,2234 Moulton Plaza,WI,United States,53263
976,2658 Moose Crossing,TX,United States,75342
977,648 Ronald Regan Pass,CT,United States,06160
978,49 Eagle Crest Hill,IL,United States,60697
979,054 American Avenue,MN,United States,55103
980,1 Stone Corner Parkway,NC,United States,28278
981,97 Moose Trail,TX,United States,88574
982,09 Delaware Alley,MN,United States,55564
983,24238 Delaware Junction,KY,United States,40220
984,67856 Hanover Drive,IN,United States,46867
985,99584 Sundown Drive,NY,United States,10260
986,6 Ridge Oak Place,IL,United States,60636
987,1596 Waywood Center,PA,United States,19178
988,503 Lien Hill,WA,United States,99220
989,07841 Graedel Center,OR,United States,97306
990,5 Bay Terrace,TX,United States,77806
991,5099 Dakota Junction,CO,United States,80951
992,601 Surrey Trail,NY,United States,12242
993,1 Stuart Way,MI,United States,49544
994,182 2nd Junction,VA,United States,22205
995,841 Raven Center,OK,United States,73129
996,577 1st Alley,UT,United States,84125
997,75 Superior Drive,MN,United States,55598
998,643 Mendota Parkway,VA,United States,22301
999,4 Emmet Drive,GA,United States,31704
1000,53084 Tony Alley,OK,United States,73034
